,Df,SumOfSqs,R2,F,Pr(>F)
Species,1,0.010794032,0.061178865,1.803175754,0.043
Diet_treatment,1,0.010784044,0.061122255,1.801507238,0.05
Sex,1,0.007244398,0.041060104,1.210198705,0.192
Species:Diet_treatment,1,0.003944573,0.022357217,0.65895292,0.853
Residual,24,0.143666953,0.814281559,NA,NA
Total,28,0.176434,1,NA,NA